{
    "tests": [
        {
            "traceback": "",
            "advice": null,
            "message": null,
            "result": ".",
            "rubric_item_id": "5531",
            "description": "the naked_twins method applies the 'naked twins' heuristic."
        },
        {
            "traceback": "",
            "advice": null,
            "message": null,
            "result": ".",
            "rubric_item_id": "5530",
            "description": "the solve method produces a valid solution."
        },
        {
            "traceback": "",
            "advice": null,
            "message": null,
            "result": ".",
            "rubric_item_id": null,
            "description": "the README has been modified."
        }
    ]
}